{"v":"5.5.9","fr":60,"ip":0,"op":300,"w":1080,"h":1080,"nm":"instagram","ddd":0,"assets":[],"fonts":{"list":[{"fName":"Vazir-Regular","fFamily":"Vazir","fStyle":"Regular","ascent":79.0488770231605}]},"layers":[{"ddd":0,"ind":1,"ty":3,"nm":"Null 2","sr":1,"ks":{"o":{"a":0,"k":0,"ix":11},"r":{"a":0,"k":0,"ix":10},"p":{"a":0,"k":[540,540,0],"ix":2},"a":{"a":0,"k":[0,0,0],"ix":1},"s":{"a":0,"k":[86,86,100],"ix":6}},"ao":0,"ip":0,"op":300,"st":0,"bm":0},{"ddd":0,"ind":2,"ty":5,"nm":"1350px","parent":1,"sr":1,"ks":{"o":{"a":1,"k":[{"i":{"x":[0.25],"y":[1]},"o":{"x":[0.75],"y":[0]},"t":258,"s":[100]},{"t":281,"s":[0]}],"ix":11},"r":{"a":0,"k":0,"ix":10},"p":{"a":1,"k":[{"i":{"x":0.833,"y":0.833},"o":{"x":0.167,"y":0.167},"t":242,"s":[293.003,19.295,0],"to":[17.667,0,0],"ti":[-17.667,0,0]},{"t":282,"s":[399.003,19.295,0]}],"ix":2},"a":{"a":0,"k":[0,0,0],"ix":1},"s":{"a":1,"k":[{"i":{"x":[0.667,0.667,0.667],"y":[1,1,1]},"o":{"x":[0.333,0.333,0.333],"y":[0,0,0]},"t":14,"s":[0,0,100]},{"i":{"x":[0.667,0.667,0.667],"y":[1,1,1]},"o":{"x":[0.333,0.333,0.333],"y":[0,0,0]},"t":34.5,"s":[208.038,208.038,100]},{"t":44,"s":[100,100,100]}],"ix":6}},"ao":0,"t":{"d":{"k":[{"s":{"s":44,"f":"Vazir-Regular","t":"1350px","j":2,"tr":0,"lh":52.8,"ls":0,"fc":[0.467,0.667,0.067]},"t":0}]},"p":{},"m":{"g":1,"a":{"a":0,"k":[0,0],"ix":2}},"a":[]},"ip":14,"op":286,"st":7,"bm":0},{"ddd":0,"ind":3,"ty":5,"nm":"1080px","parent":1,"sr":1,"ks":{"o":{"a":1,"k":[{"i":{"x":[0.25],"y":[1]},"o":{"x":[0.75],"y":[0]},"t":258,"s":[100]},{"t":281,"s":[0]}],"ix":11},"r":{"a":0,"k":0,"ix":10},"p":{"a":1,"k":[{"i":{"x":0.833,"y":0.833},"o":{"x":0.167,"y":0.167},"t":242,"s":[-21.819,-438.44,0],"to":[0,-9,0],"ti":[0,9,0]},{"t":282,"s":[-21.819,-492.44,0]}],"ix":2},"a":{"a":0,"k":[0,0,0],"ix":1},"s":{"a":1,"k":[{"i":{"x":[0.667,0.667,0.667],"y":[1,1,1]},"o":{"x":[0.333,0.333,0.333],"y":[0,0,0]},"t":14,"s":[0,0,100]},{"i":{"x":[0.667,0.667,0.667],"y":[1,1,1]},"o":{"x":[0.333,0.333,0.333],"y":[0,0,0]},"t":34.5,"s":[208.038,208.038,100]},{"t":44,"s":[100,100,100]}],"ix":6}},"ao":0,"t":{"d":{"k":[{"s":{"s":44,"f":"Vazir-Regular","t":"1080px","j":2,"tr":0,"lh":52.8,"ls":0,"fc":[0.467,0.667,0.067]},"t":0}]},"p":{},"m":{"g":1,"a":{"a":0,"k":[0,0],"ix":2}},"a":[]},"ip":14,"op":286,"st":7,"bm":0},{"ddd":0,"ind":4,"ty":4,"nm":"Layer 2 Outlines","parent":1,"sr":1,"ks":{"o":{"a":1,"k":[{"i":{"x":[0.833],"y":[0.833]},"o":{"x":[0.167],"y":[0.167]},"t":24,"s":[8]},{"t":53,"s":[100]}],"ix":11},"r":{"a":0,"k":0,"ix":10},"p":{"a":1,"k":[{"i":{"x":0.25,"y":1},"o":{"x":0.75,"y":0},"t":17,"s":[278.848,307.093,0],"to":[0,-26.667,0],"ti":[0,26.667,0]},{"t":91,"s":[278.848,147.093,0]}],"ix":2},"a":{"a":0,"k":[0.5,51,0],"ix":1},"s":{"a":1,"k":[{"i":{"x":[0.25,0.25,0.25],"y":[1,1,1]},"o":{"x":[0.75,0.75,0.75],"y":[0,0,0]},"t":240,"s":[157.994,157.994,100]},{"i":{"x":[0.25,0.25,0.25],"y":[1,1,1]},"o":{"x":[0.75,0.75,0.75],"y":[0,0,0]},"t":247,"s":[173.617,173.617,100]},{"t":270,"s":[0,0,100]}],"ix":6}},"ao":0,"shapes":[{"ty":"gr","it":[{"ind":0,"ty":"sh","ix":1,"ks":{"a":0,"k":{"i":[[0,0],[0,0]],"o":[[0,0],[0,0]],"v":[[0.5,0.5],[0.5,101.5]],"c":false},"ix":2},"nm":"Path 1","mn":"ADBE Vector Shape - Group","hd":false},{"ty":"st","c":{"a":0,"k":[0.438999998803,0.438999998803,0.438999998803,1],"ix":3},"o":{"a":0,"k":100,"ix":4},"w":{"a":0,"k":1,"ix":5},"lc":1,"lj":1,"ml":4,"bm":0,"d":[{"n":"d","nm":"dash","v":{"a":0,"k":7,"ix":1}},{"n":"g","nm":"gap","v":{"a":0,"k":7,"ix":2}},{"n":"o","nm":"offset","v":{"a":0,"k":0,"ix":7}}],"nm":"Stroke 1","mn":"ADBE Vector Graphic - Stroke","hd":false},{"ty":"tr","p":{"a":0,"k":[0,0],"ix":2},"a":{"a":0,"k":[0,0],"ix":1},"s":{"a":0,"k":[100,100],"ix":3},"r":{"a":0,"k":0,"ix":6},"o":{"a":0,"k":100,"ix":7},"sk":{"a":0,"k":0,"ix":4},"sa":{"a":0,"k":0,"ix":5},"nm":"Transform"}],"nm":"Group 1","np":2,"cix":2,"bm":0,"ix":1,"mn":"ADBE Vector Group","hd":false}],"ip":24,"op":283,"st":17,"bm":0},{"ddd":0,"ind":5,"ty":4,"nm":"Layer 3 Outlines","parent":1,"sr":1,"ks":{"o":{"a":0,"k":100,"ix":11},"r":{"a":0,"k":0,"ix":10},"p":{"a":1,"k":[{"i":{"x":0.25,"y":1},"o":{"x":0.75,"y":0},"t":17,"s":[278.848,-285.446,0],"to":[0,26.667,0],"ti":[0,-26.667,0]},{"t":91,"s":[278.848,-125.446,0]}],"ix":2},"a":{"a":0,"k":[0.5,47.5,0],"ix":1},"s":{"a":1,"k":[{"i":{"x":[0.25,0.25,0.25],"y":[1,1,1]},"o":{"x":[0.75,0.75,0.75],"y":[0,0,0]},"t":240,"s":[157.994,157.994,100]},{"i":{"x":[0.25,0.25,0.25],"y":[1,1,1]},"o":{"x":[0.75,0.75,0.75],"y":[0,0,0]},"t":247,"s":[173.617,173.617,100]},{"t":270,"s":[0,0,100]}],"ix":6}},"ao":0,"shapes":[{"ty":"gr","it":[{"ind":0,"ty":"sh","ix":1,"ks":{"a":0,"k":{"i":[[0,0],[0,0]],"o":[[0,0],[0,0]],"v":[[0.5,0.5],[0.5,94.5]],"c":false},"ix":2},"nm":"Path 1","mn":"ADBE Vector Shape - Group","hd":false},{"ty":"st","c":{"a":0,"k":[0.438999998803,0.438999998803,0.438999998803,1],"ix":3},"o":{"a":0,"k":100,"ix":4},"w":{"a":0,"k":1,"ix":5},"lc":1,"lj":1,"ml":4,"bm":0,"d":[{"n":"d","nm":"dash","v":{"a":0,"k":7,"ix":1}},{"n":"g","nm":"gap","v":{"a":0,"k":7,"ix":2}},{"n":"o","nm":"offset","v":{"a":0,"k":0,"ix":7}}],"nm":"Stroke 1","mn":"ADBE Vector Graphic - Stroke","hd":false},{"ty":"tr","p":{"a":0,"k":[0,0],"ix":2},"a":{"a":0,"k":[0,0],"ix":1},"s":{"a":0,"k":[100,100],"ix":3},"r":{"a":0,"k":0,"ix":6},"o":{"a":0,"k":100,"ix":7},"sk":{"a":0,"k":0,"ix":4},"sa":{"a":0,"k":0,"ix":5},"nm":"Transform"}],"nm":"Group 1","np":2,"cix":2,"bm":0,"ix":1,"mn":"ADBE Vector Group","hd":false}],"ip":24,"op":288,"st":17,"bm":0},{"ddd":0,"ind":6,"ty":4,"nm":"Layer 5 Outlines","parent":1,"sr":1,"ks":{"o":{"a":1,"k":[{"i":{"x":[0.833],"y":[0.833]},"o":{"x":[0.167],"y":[0.167]},"t":19,"s":[8]},{"t":48,"s":[100]}],"ix":11},"r":{"a":0,"k":0,"ix":10},"p":{"a":1,"k":[{"i":{"x":0.25,"y":1},"o":{"x":0.75,"y":0},"t":12,"s":[219.024,-449.333,0],"to":[-13.333,0,0],"ti":[13.333,0,0]},{"t":86,"s":[139.024,-449.333,0]}],"ix":2},"a":{"a":0,"k":[33,0.5,0],"ix":1},"s":{"a":1,"k":[{"i":{"x":[0.25,0.25,0.25],"y":[1,1,1]},"o":{"x":[0.75,0.75,0.75],"y":[0,0,0]},"t":240,"s":[157.994,157.994,100]},{"i":{"x":[0.25,0.25,0.25],"y":[1,1,1]},"o":{"x":[0.75,0.75,0.75],"y":[0,0,0]},"t":247,"s":[173.617,173.617,100]},{"t":270,"s":[0,0,100]}],"ix":6}},"ao":0,"shapes":[{"ty":"gr","it":[{"ind":0,"ty":"sh","ix":1,"ks":{"a":0,"k":{"i":[[0,0],[0,0]],"o":[[0,0],[0,0]],"v":[[65.5,0.5],[0.5,0.5]],"c":false},"ix":2},"nm":"Path 1","mn":"ADBE Vector Shape - Group","hd":false},{"ty":"st","c":{"a":0,"k":[0.438999998803,0.438999998803,0.438999998803,1],"ix":3},"o":{"a":0,"k":100,"ix":4},"w":{"a":0,"k":1,"ix":5},"lc":1,"lj":1,"ml":4,"bm":0,"d":[{"n":"d","nm":"dash","v":{"a":0,"k":7,"ix":1}},{"n":"g","nm":"gap","v":{"a":0,"k":7,"ix":2}},{"n":"o","nm":"offset","v":{"a":0,"k":0,"ix":7}}],"nm":"Stroke 1","mn":"ADBE Vector Graphic - Stroke","hd":false},{"ty":"tr","p":{"a":0,"k":[0,0],"ix":2},"a":{"a":0,"k":[0,0],"ix":1},"s":{"a":0,"k":[100,100],"ix":3},"r":{"a":0,"k":0,"ix":6},"o":{"a":0,"k":100,"ix":7},"sk":{"a":0,"k":0,"ix":4},"sa":{"a":0,"k":0,"ix":5},"nm":"Transform"}],"nm":"Group 1","np":2,"cix":2,"bm":0,"ix":1,"mn":"ADBE Vector Group","hd":false}],"ip":19,"op":290,"st":12,"bm":0},{"ddd":0,"ind":7,"ty":4,"nm":"Layer 7 Outlines","parent":1,"sr":1,"ks":{"o":{"a":1,"k":[{"i":{"x":[0.833],"y":[0.833]},"o":{"x":[0.167],"y":[0.167]},"t":14,"s":[8]},{"t":43,"s":[100]}],"ix":11},"r":{"a":0,"k":0,"ix":10},"p":{"a":1,"k":[{"i":{"x":0.25,"y":1},"o":{"x":0.75,"y":0},"t":7,"s":[-245.904,-449.333,0],"to":[13.333,0,0],"ti":[-13.333,0,0]},{"t":81,"s":[-165.904,-449.333,0]}],"ix":2},"a":{"a":0,"k":[33,0.5,0],"ix":1},"s":{"a":1,"k":[{"i":{"x":[0.25,0.25,0.25],"y":[1,1,1]},"o":{"x":[0.75,0.75,0.75],"y":[0,0,0]},"t":240,"s":[157.994,157.994,100]},{"i":{"x":[0.25,0.25,0.25],"y":[1,1,1]},"o":{"x":[0.75,0.75,0.75],"y":[0,0,0]},"t":247,"s":[173.617,173.617,100]},{"t":270,"s":[0,0,100]}],"ix":6}},"ao":0,"shapes":[{"ty":"gr","it":[{"ind":0,"ty":"sh","ix":1,"ks":{"a":0,"k":{"i":[[0,0],[0,0]],"o":[[0,0],[0,0]],"v":[[65.5,0.5],[0.5,0.5]],"c":false},"ix":2},"nm":"Path 1","mn":"ADBE Vector Shape - Group","hd":false},{"ty":"st","c":{"a":0,"k":[0.438999998803,0.438999998803,0.438999998803,1],"ix":3},"o":{"a":0,"k":100,"ix":4},"w":{"a":0,"k":1,"ix":5},"lc":1,"lj":1,"ml":4,"bm":0,"d":[{"n":"d","nm":"dash","v":{"a":0,"k":7,"ix":1}},{"n":"g","nm":"gap","v":{"a":0,"k":7,"ix":2}},{"n":"o","nm":"offset","v":{"a":0,"k":0,"ix":7}}],"nm":"Stroke 1","mn":"ADBE Vector Graphic - Stroke","hd":false},{"ty":"tr","p":{"a":0,"k":[0,0],"ix":2},"a":{"a":0,"k":[0,0],"ix":1},"s":{"a":0,"k":[100,100],"ix":3},"r":{"a":0,"k":0,"ix":6},"o":{"a":0,"k":100,"ix":7},"sk":{"a":0,"k":0,"ix":4},"sa":{"a":0,"k":0,"ix":5},"nm":"Transform"}],"nm":"Group 1","np":2,"cix":2,"bm":0,"ix":1,"mn":"ADBE Vector Group","hd":false}],"ip":14,"op":291,"st":7,"bm":0},{"ddd":0,"ind":8,"ty":4,"nm":"Layer 8 Outlines","parent":1,"sr":1,"ks":{"o":{"a":0,"k":100,"ix":11},"r":{"a":0,"k":0,"ix":10},"p":{"a":0,"k":[-13.676,14.379,0],"ix":2},"a":{"a":0,"k":[107.25,134.25,0],"ix":1},"s":{"a":1,"k":[{"i":{"x":[0.25,0.25,0.25],"y":[1,1,1]},"o":{"x":[0.75,0.75,0.75],"y":[0,0,0]},"t":250,"s":[157.994,157.994,100]},{"i":{"x":[0.25,0.25,0.25],"y":[1,1,1]},"o":{"x":[0.75,0.75,0.75],"y":[0,0,0]},"t":257,"s":[173.617,173.617,100]},{"t":280,"s":[0,0,100]}],"ix":6}},"ao":0,"shapes":[{"ty":"gr","it":[{"ind":0,"ty":"sh","ix":1,"ks":{"a":1,"k":[{"i":{"x":0.25,"y":1},"o":{"x":0.75,"y":0},"t":7,"s":[{"i":[[0,0],[0,0],[0,0],[0,0]],"o":[[0,0],[0,0],[0,0],[0,0]],"v":[[-106.484,-9.461],[107.516,-9.461],[107.552,-9.404],[-106.448,-9.404]],"c":true}]},{"i":{"x":0.25,"y":1},"o":{"x":0.75,"y":0},"t":37,"s":[{"i":[[0,0],[0,0],[0,0],[0,0]],"o":[[0,0],[0,0],[0,0],[0,0]],"v":[[-5.259,-13.058],[25.189,-13.058],[25.225,20.967],[-5.223,20.967]],"c":true}]},{"t":67,"s":[{"i":[[0,0],[0,0],[0,0],[0,0]],"o":[[0,0],[0,0],[0,0],[0,0]],"v":[[-107,-134],[107,-134],[107,134],[-107,134]],"c":true}]}],"ix":2},"nm":"Path 1","mn":"ADBE Vector Shape - Group","hd":false},{"ty":"fl","c":{"a":0,"k":[0.46699999641,0.666999966491,0.067000003889,1],"ix":4},"o":{"a":0,"k":100,"ix":5},"r":1,"bm":0,"nm":"Fill 1","mn":"ADBE Vector Graphic - Fill","hd":false},{"ty":"tr","p":{"a":0,"k":[107.25,134.25],"ix":2},"a":{"a":0,"k":[0,0],"ix":1},"s":{"a":0,"k":[100,100],"ix":3},"r":{"a":0,"k":0,"ix":6},"o":{"a":0,"k":100,"ix":7},"sk":{"a":0,"k":0,"ix":4},"sa":{"a":0,"k":0,"ix":5},"nm":"Transform"}],"nm":"Group 1","np":2,"cix":2,"bm":0,"ix":1,"mn":"ADBE Vector Group","hd":false}],"ip":14,"op":287,"st":7,"bm":0},{"ddd":0,"ind":9,"ty":4,"nm":"Layer 9 Outlines","parent":1,"sr":1,"ks":{"o":{"a":1,"k":[{"i":{"x":[0.25],"y":[1]},"o":{"x":[0.75],"y":[0]},"t":251,"s":[100]},{"t":281,"s":[0]}],"ix":11},"r":{"a":0,"k":0,"ix":10},"p":{"a":0,"k":[131.209,258.575,0],"ix":2},"a":{"a":0,"k":[8.234,8.373,0],"ix":1},"s":{"a":1,"k":[{"i":{"x":[0.583,0.583,0.583],"y":[0.807,0.807,-24.395]},"o":{"x":[0.882,0.882,0.882],"y":[0,0,0]},"t":77,"s":[0,0,100]},{"i":{"x":[0.534,0.534,0.534],"y":[1,1,1]},"o":{"x":[0.221,0.221,0.221],"y":[-0.197,-0.197,6.224]},"t":118,"s":[208.038,208.038,100]},{"t":137,"s":[157.994,157.994,100]}],"ix":6}},"ao":0,"shapes":[{"ty":"gr","it":[{"ind":0,"ty":"sh","ix":1,"ks":{"a":0,"k":{"i":[[0,0],[0,0],[0,0],[0,0],[0,0]],"o":[[0,0],[0,0],[0,0],[0,0],[0,0]],"v":[[-7.233,-7.373],[7.234,-7.373],[7.234,7.373],[0,0.139],[-7.234,7.373]],"c":true},"ix":2},"nm":"Path 1","mn":"ADBE Vector Shape - Group","hd":false},{"ty":"st","c":{"a":0,"k":[0.438999998803,0.438999998803,0.438999998803,1],"ix":3},"o":{"a":0,"k":100,"ix":4},"w":{"a":0,"k":1,"ix":5},"lc":1,"lj":1,"ml":4,"bm":0,"nm":"Stroke 1","mn":"ADBE Vector Graphic - Stroke","hd":false},{"ty":"tr","p":{"a":0,"k":[8.234,8.373],"ix":2},"a":{"a":0,"k":[0,0],"ix":1},"s":{"a":0,"k":[100,100],"ix":3},"r":{"a":0,"k":0,"ix":6},"o":{"a":0,"k":100,"ix":7},"sk":{"a":0,"k":0,"ix":4},"sa":{"a":0,"k":0,"ix":5},"nm":"Transform"}],"nm":"Group 1","np":2,"cix":2,"bm":0,"ix":1,"mn":"ADBE Vector Group","hd":false}],"ip":77,"op":289,"st":147,"bm":0},{"ddd":0,"ind":10,"ty":4,"nm":"Layer 10 Outlines","parent":1,"sr":1,"ks":{"o":{"a":1,"k":[{"i":{"x":[0.25],"y":[1]},"o":{"x":[0.75],"y":[0]},"t":251,"s":[100]},{"t":281,"s":[0]}],"ix":11},"r":{"a":0,"k":0,"ix":10},"p":{"a":0,"k":[-69.5,257.458,0],"ix":2},"a":{"a":0,"k":[7.667,7.666,0],"ix":1},"s":{"a":1,"k":[{"i":{"x":[0.583,0.583,0.583],"y":[0.807,0.807,-24.395]},"o":{"x":[0.882,0.882,0.882],"y":[0,0,0]},"t":72,"s":[0,0,100]},{"i":{"x":[0.534,0.534,0.534],"y":[1,1,1]},"o":{"x":[0.221,0.221,0.221],"y":[-0.197,-0.197,6.224]},"t":113,"s":[208.038,208.038,100]},{"t":132,"s":[157.994,157.994,100]}],"ix":6}},"ao":0,"shapes":[{"ty":"gr","it":[{"ind":0,"ty":"sh","ix":1,"ks":{"a":0,"k":{"i":[[0,0],[0,0],[0,0],[0,0]],"o":[[0,0],[0,0],[0,0],[0,0]],"v":[[6.667,-6.667],[1.999,6.667],[-0.667,0.667],[-6.667,-1.999]],"c":true},"ix":2},"nm":"Path 1","mn":"ADBE Vector Shape - Group","hd":false},{"ty":"st","c":{"a":0,"k":[0.438999998803,0.438999998803,0.438999998803,1],"ix":3},"o":{"a":0,"k":100,"ix":4},"w":{"a":0,"k":1,"ix":5},"lc":2,"lj":2,"bm":0,"nm":"Stroke 1","mn":"ADBE Vector Graphic - Stroke","hd":false},{"ty":"tr","p":{"a":0,"k":[7.667,7.667],"ix":2},"a":{"a":0,"k":[0,0],"ix":1},"s":{"a":0,"k":[100,100],"ix":3},"r":{"a":0,"k":0,"ix":6},"o":{"a":0,"k":100,"ix":7},"sk":{"a":0,"k":0,"ix":4},"sa":{"a":0,"k":0,"ix":5},"nm":"Transform"}],"nm":"Group 1","np":2,"cix":2,"bm":0,"ix":1,"mn":"ADBE Vector Group","hd":false},{"ty":"gr","it":[{"ind":0,"ty":"sh","ix":1,"ks":{"a":0,"k":{"i":[[0,0],[0,0]],"o":[[0,0],[0,0]],"v":[[3.667,-3.667],[-3.667,3.667]],"c":false},"ix":2},"nm":"Path 1","mn":"ADBE Vector Shape - Group","hd":false},{"ty":"st","c":{"a":0,"k":[0.438999998803,0.438999998803,0.438999998803,1],"ix":3},"o":{"a":0,"k":100,"ix":4},"w":{"a":0,"k":1,"ix":5},"lc":2,"lj":2,"bm":0,"nm":"Stroke 1","mn":"ADBE Vector Graphic - Stroke","hd":false},{"ty":"tr","p":{"a":0,"k":[10.667,4.667],"ix":2},"a":{"a":0,"k":[0,0],"ix":1},"s":{"a":0,"k":[100,100],"ix":3},"r":{"a":0,"k":0,"ix":6},"o":{"a":0,"k":100,"ix":7},"sk":{"a":0,"k":0,"ix":4},"sa":{"a":0,"k":0,"ix":5},"nm":"Transform"}],"nm":"Group 2","np":2,"cix":2,"bm":0,"ix":2,"mn":"ADBE Vector Group","hd":false}],"ip":72,"op":287,"st":137,"bm":0},{"ddd":0,"ind":11,"ty":4,"nm":"Layer 11 Outlines","parent":1,"sr":1,"ks":{"o":{"a":1,"k":[{"i":{"x":[0.25],"y":[1]},"o":{"x":[0.75],"y":[0]},"t":251,"s":[100]},{"t":281,"s":[0]}],"ix":11},"r":{"a":0,"k":0,"ix":10},"p":{"a":0,"k":[-109.355,256.145,0],"ix":2},"a":{"a":0,"k":[8.24,8.241,0],"ix":1},"s":{"a":1,"k":[{"i":{"x":[0.583,0.583,0.583],"y":[0.807,0.807,-24.395]},"o":{"x":[0.882,0.882,0.882],"y":[0,0,0]},"t":67,"s":[0,0,100]},{"i":{"x":[0.534,0.534,0.534],"y":[1,1,1]},"o":{"x":[0.221,0.221,0.221],"y":[-0.197,-0.197,6.224]},"t":108,"s":[208.038,208.038,100]},{"t":127,"s":[157.994,157.994,100]}],"ix":6}},"ao":0,"shapes":[{"ty":"gr","it":[{"ind":0,"ty":"sh","ix":1,"ks":{"a":0,"k":{"i":[[3.688,0.004],[-0.002,-3.691],[-3.692,0.002],[-0.983,0.538],[0,0],[0,0],[-0.456,-0.107],[0,0],[0,0],[0.008,1.847]],"o":[[-3.691,0.002],[0.003,3.692],[1.12,-0.001],[0,0],[0,0],[0.379,0.276],[0,0],[0,0],[1.351,-1.259],[-0.006,-3.689]],"v":[[0.004,-6.676],[-6.676,0.012],[0.013,6.692],[3.218,5.871],[3.574,5.671],[3.905,5.907],[5.17,6.486],[4.12,5.309],[4.58,4.877],[6.688,0.005]],"c":true},"ix":2},"nm":"Path 1","mn":"ADBE Vector Shape - Group","hd":false},{"ind":1,"ty":"sh","ix":2,"ks":{"a":0,"k":{"i":[[1.208,-0.001],[0.002,4.413],[-4.412,0.002],[-0.002,-4.413],[1.338,-1.471],[0,0],[0,0],[0.958,0.648]],"o":[[-4.412,0.002],[-0.002,-4.412],[4.413,-0.002],[0,1.988],[0,0],[0,0],[-1.089,0.39],[-1.087,0.527]],"v":[[0.004,7.989],[-7.988,0.003],[-0.003,-7.989],[7.99,-0.003],[5.912,5.374],[7.58,7.244],[6.747,7.597],[3.491,7.187]],"c":true},"ix":2},"nm":"Path 2","mn":"ADBE Vector Shape - Group","hd":false},{"ty":"mm","mm":1,"nm":"Merge Paths 1","mn":"ADBE Vector Filter - Merge","hd":false},{"ty":"fl","c":{"a":0,"k":[0.438999998803,0.438999998803,0.438999998803,1],"ix":4},"o":{"a":0,"k":100,"ix":5},"r":1,"bm":0,"nm":"Fill 1","mn":"ADBE Vector Graphic - Fill","hd":false},{"ty":"tr","p":{"a":0,"k":[8.24,8.241],"ix":2},"a":{"a":0,"k":[0,0],"ix":1},"s":{"a":0,"k":[100,100],"ix":3},"r":{"a":0,"k":0,"ix":6},"o":{"a":0,"k":100,"ix":7},"sk":{"a":0,"k":0,"ix":4},"sa":{"a":0,"k":0,"ix":5},"nm":"Transform"}],"nm":"Group 1","np":4,"cix":2,"bm":0,"ix":1,"mn":"ADBE Vector Group","hd":false}],"ip":67,"op":294,"st":127,"bm":0},{"ddd":0,"ind":12,"ty":4,"nm":"Layer 12 Outlines","parent":1,"sr":1,"ks":{"o":{"a":1,"k":[{"i":{"x":[0.25],"y":[1]},"o":{"x":[0.75],"y":[0]},"t":251,"s":[100]},{"t":281,"s":[0]}],"ix":11},"r":{"a":0,"k":0,"ix":10},"p":{"a":0,"k":[-154.704,255.746,0],"ix":2},"a":{"a":0,"k":[10.238,9.24,0],"ix":1},"s":{"a":1,"k":[{"i":{"x":[0.583,0.583,0.583],"y":[0.807,0.807,-24.395]},"o":{"x":[0.882,0.882,0.882],"y":[0,0,0]},"t":62,"s":[0,0,100]},{"i":{"x":[0.534,0.534,0.534],"y":[1,1,1]},"o":{"x":[0.221,0.221,0.221],"y":[-0.197,-0.197,6.224]},"t":103,"s":[208.038,208.038,100]},{"t":122,"s":[157.994,157.994,100]}],"ix":6}},"ao":0,"shapes":[{"ty":"gr","it":[{"ind":0,"ty":"sh","ix":1,"ks":{"a":0,"k":{"i":[[2.001,-1.997],[2.001,-1.997],[-1.997,-2.001],[0,0],[0,0],[1.997,2.001]],"o":[[-1.997,-2.001],[-2.001,1.997],[0,0],[0,0],[2.001,-1.997],[-1.997,-2.001]],"v":[[0.004,-6.236],[-7.235,-6.243],[-7.242,0.995],[-0.011,8.24],[7.234,1.009],[7.241,-6.229]],"c":true},"ix":2},"nm":"Path 1","mn":"ADBE Vector Shape - Group","hd":false},{"ty":"st","c":{"a":0,"k":[0.438999998803,0.438999998803,0.438999998803,1],"ix":3},"o":{"a":0,"k":100,"ix":4},"w":{"a":0,"k":1,"ix":5},"lc":1,"lj":1,"ml":4,"bm":0,"nm":"Stroke 1","mn":"ADBE Vector Graphic - Stroke","hd":false},{"ty":"tr","p":{"a":0,"k":[10.239,9.24],"ix":2},"a":{"a":0,"k":[0,0],"ix":1},"s":{"a":0,"k":[100,100],"ix":3},"r":{"a":0,"k":0,"ix":6},"o":{"a":0,"k":100,"ix":7},"sk":{"a":0,"k":0,"ix":4},"sa":{"a":0,"k":0,"ix":5},"nm":"Transform"}],"nm":"Group 1","np":2,"cix":2,"bm":0,"ix":1,"mn":"ADBE Vector Group","hd":false}],"ip":62,"op":287,"st":117,"bm":0},{"ddd":0,"ind":13,"ty":4,"nm":"Layer 13 Outlines","parent":1,"sr":1,"ks":{"o":{"a":1,"k":[{"i":{"x":[0.25],"y":[1]},"o":{"x":[0.75],"y":[0]},"t":251,"s":[100]},{"t":281,"s":[0]}],"ix":11},"r":{"a":0,"k":0,"ix":10},"p":{"a":0,"k":[-155.87,312.986,0],"ix":2},"a":{"a":0,"k":[8.25,8.25,0],"ix":1},"s":{"a":1,"k":[{"i":{"x":[0.583,0.583,0.583],"y":[0.807,0.807,-24.395]},"o":{"x":[0.882,0.882,0.882],"y":[0,0,0]},"t":57,"s":[0,0,100]},{"i":{"x":[0.534,0.534,0.534],"y":[1,1,1]},"o":{"x":[0.221,0.221,0.221],"y":[-0.197,-0.197,6.224]},"t":98,"s":[208.038,208.038,100]},{"t":117,"s":[157.994,157.994,100]}],"ix":6}},"ao":0,"shapes":[{"ty":"gr","it":[{"ind":0,"ty":"sh","ix":1,"ks":{"a":0,"k":{"i":[[-4.418,0],[0,-4.418],[4.418,0],[0,4.418]],"o":[[4.418,0],[0,4.418],[-4.418,0],[0,-4.418]],"v":[[0,-8],[8,0],[0,8],[-8,0]],"c":true},"ix":2},"nm":"Path 1","mn":"ADBE Vector Shape - Group","hd":false},{"ty":"fl","c":{"a":0,"k":[0.902000038297,0.902000038297,0.902000038297,1],"ix":4},"o":{"a":0,"k":100,"ix":5},"r":1,"bm":0,"nm":"Fill 1","mn":"ADBE Vector Graphic - Fill","hd":false},{"ty":"tr","p":{"a":0,"k":[8.25,8.25],"ix":2},"a":{"a":0,"k":[0,0],"ix":1},"s":{"a":0,"k":[100,100],"ix":3},"r":{"a":0,"k":0,"ix":6},"o":{"a":0,"k":100,"ix":7},"sk":{"a":0,"k":0,"ix":4},"sa":{"a":0,"k":0,"ix":5},"nm":"Transform"}],"nm":"Group 1","np":2,"cix":2,"bm":0,"ix":1,"mn":"ADBE Vector Group","hd":false}],"ip":57,"op":290,"st":107,"bm":0},{"ddd":0,"ind":14,"ty":4,"nm":"Layer 14 Outlines","parent":1,"sr":1,"ks":{"o":{"a":0,"k":100,"ix":11},"r":{"a":0,"k":0,"ix":10},"p":{"a":0,"k":[-137.464,308.348,0],"ix":2},"a":{"a":0,"k":[0.25,1.413,0],"ix":1},"s":{"a":1,"k":[{"i":{"x":[0.25,0.25,0.25],"y":[1,1,1]},"o":{"x":[0.75,0.75,0.75],"y":[0,0,0]},"t":40,"s":[0,157.994,100]},{"i":{"x":[0.25,0.25,0.25],"y":[1,1,1]},"o":{"x":[0.167,0.167,0.167],"y":[0,0,0]},"t":123,"s":[157.994,157.994,100]},{"i":{"x":[0.25,0.25,0.25],"y":[1,1,1]},"o":{"x":[0.75,0.75,0.75],"y":[0,0,0]},"t":250,"s":[157.994,157.994,100]},{"i":{"x":[0.25,0.25,0.25],"y":[1,1,1]},"o":{"x":[0.75,0.75,0.75],"y":[0,0,0]},"t":257,"s":[173.617,173.617,100]},{"t":280,"s":[0,0,100]}],"ix":6}},"ao":0,"shapes":[{"ty":"gr","it":[{"ind":0,"ty":"sh","ix":1,"ks":{"a":0,"k":{"i":[[0,0],[0,0],[0,0],[0,0]],"o":[[0,0],[0,0],[0,0],[0,0]],"v":[[-79.052,-1.163],[79.052,-1.163],[79.052,1.163],[-79.052,1.163]],"c":true},"ix":2},"nm":"Path 1","mn":"ADBE Vector Shape - Group","hd":false},{"ty":"fl","c":{"a":0,"k":[0.902000038297,0.902000038297,0.902000038297,1],"ix":4},"o":{"a":0,"k":100,"ix":5},"r":1,"bm":0,"nm":"Fill 1","mn":"ADBE Vector Graphic - Fill","hd":false},{"ty":"tr","p":{"a":0,"k":[79.302,1.413],"ix":2},"a":{"a":0,"k":[0,0],"ix":1},"s":{"a":0,"k":[100,100],"ix":3},"r":{"a":0,"k":0,"ix":6},"o":{"a":0,"k":100,"ix":7},"sk":{"a":0,"k":0,"ix":4},"sa":{"a":0,"k":0,"ix":5},"nm":"Transform"}],"nm":"Group 1","np":2,"cix":2,"bm":0,"ix":1,"mn":"ADBE Vector Group","hd":false}],"ip":47,"op":288,"st":40,"bm":0},{"ddd":0,"ind":15,"ty":4,"nm":"Layer 15 Outlines","parent":1,"sr":1,"ks":{"o":{"a":0,"k":100,"ix":11},"r":{"a":0,"k":0,"ix":10},"p":{"a":0,"k":[-137.464,316.804,0],"ix":2},"a":{"a":0,"k":[0.25,1.557,0],"ix":1},"s":{"a":1,"k":[{"i":{"x":[0.25,0.25,0.25],"y":[1,1,1]},"o":{"x":[0.75,0.75,0.75],"y":[0,0,0]},"t":35,"s":[0,157.994,100]},{"i":{"x":[0.25,0.25,0.25],"y":[1,1,1]},"o":{"x":[0.167,0.167,0.167],"y":[0,0,0]},"t":118,"s":[157.994,157.994,100]},{"i":{"x":[0.25,0.25,0.25],"y":[1,1,1]},"o":{"x":[0.75,0.75,0.75],"y":[0,0,0]},"t":250,"s":[157.994,157.994,100]},{"i":{"x":[0.25,0.25,0.25],"y":[1,1,1]},"o":{"x":[0.75,0.75,0.75],"y":[0,0,0]},"t":257,"s":[173.617,173.617,100]},{"t":280,"s":[0,0,100]}],"ix":6}},"ao":0,"shapes":[{"ty":"gr","it":[{"ind":0,"ty":"sh","ix":1,"ks":{"a":0,"k":{"i":[[0,0],[0,0],[0,0],[0,0]],"o":[[0,0],[0,0],[0,0],[0,0]],"v":[[-44.38,-1.307],[44.38,-1.307],[44.38,1.307],[-44.38,1.307]],"c":true},"ix":2},"nm":"Path 1","mn":"ADBE Vector Shape - Group","hd":false},{"ty":"fl","c":{"a":0,"k":[0.902000038297,0.902000038297,0.902000038297,1],"ix":4},"o":{"a":0,"k":100,"ix":5},"r":1,"bm":0,"nm":"Fill 1","mn":"ADBE Vector Graphic - Fill","hd":false},{"ty":"tr","p":{"a":0,"k":[44.63,1.557],"ix":2},"a":{"a":0,"k":[0,0],"ix":1},"s":{"a":0,"k":[100,100],"ix":3},"r":{"a":0,"k":0,"ix":6},"o":{"a":0,"k":100,"ix":7},"sk":{"a":0,"k":0,"ix":4},"sa":{"a":0,"k":0,"ix":5},"nm":"Transform"}],"nm":"Group 1","np":2,"cix":2,"bm":0,"ix":1,"mn":"ADBE Vector Group","hd":false}],"ip":42,"op":294,"st":35,"bm":0},{"ddd":0,"ind":16,"ty":4,"nm":"Layer 16 Outlines","parent":1,"sr":1,"ks":{"o":{"a":1,"k":[{"i":{"x":[0.25],"y":[1]},"o":{"x":[0.75],"y":[0]},"t":251,"s":[100]},{"t":281,"s":[0]}],"ix":11},"r":{"a":0,"k":0,"ix":10},"p":{"a":0,"k":[120.619,382.503,0],"ix":2},"a":{"a":0,"k":[8.25,8.25,0],"ix":1},"s":{"a":1,"k":[{"i":{"x":[0.583,0.583,0.583],"y":[0.807,0.807,-24.395]},"o":{"x":[0.882,0.882,0.882],"y":[0,0,0]},"t":52,"s":[0,0,100]},{"i":{"x":[0.534,0.534,0.534],"y":[1,1,1]},"o":{"x":[0.221,0.221,0.221],"y":[-0.197,-0.197,6.224]},"t":93,"s":[208.038,208.038,100]},{"t":112,"s":[157.994,157.994,100]}],"ix":6}},"ao":0,"shapes":[{"ty":"gr","it":[{"ind":0,"ty":"sh","ix":1,"ks":{"a":0,"k":{"i":[[-4.418,0],[0,-4.418],[4.418,0],[0,4.418]],"o":[[4.418,0],[0,4.418],[-4.418,0],[0,-4.418]],"v":[[0,-8],[8,0],[0,8],[-8,0]],"c":true},"ix":2},"nm":"Path 1","mn":"ADBE Vector Shape - Group","hd":false},{"ty":"fl","c":{"a":0,"k":[0.902000038297,0.902000038297,0.902000038297,1],"ix":4},"o":{"a":0,"k":100,"ix":5},"r":1,"bm":0,"nm":"Fill 1","mn":"ADBE Vector Graphic - Fill","hd":false},{"ty":"tr","p":{"a":0,"k":[8.25,8.25],"ix":2},"a":{"a":0,"k":[0,0],"ix":1},"s":{"a":0,"k":[100,100],"ix":3},"r":{"a":0,"k":0,"ix":6},"o":{"a":0,"k":100,"ix":7},"sk":{"a":0,"k":0,"ix":4},"sa":{"a":0,"k":0,"ix":5},"nm":"Transform"}],"nm":"Group 1","np":2,"cix":2,"bm":0,"ix":1,"mn":"ADBE Vector Group","hd":false}],"ip":52,"op":287,"st":97,"bm":0},{"ddd":0,"ind":17,"ty":4,"nm":"Layer 17 Outlines","parent":1,"sr":1,"ks":{"o":{"a":1,"k":[{"i":{"x":[0.25],"y":[1]},"o":{"x":[0.75],"y":[0]},"t":251,"s":[100]},{"t":281,"s":[0]}],"ix":11},"r":{"a":0,"k":0,"ix":10},"p":{"a":0,"k":[56.595,382.577,0],"ix":2},"a":{"a":0,"k":[8.794,7.951,0],"ix":1},"s":{"a":1,"k":[{"i":{"x":[0.583,0.583,0.583],"y":[0.807,0.807,-24.395]},"o":{"x":[0.882,0.882,0.882],"y":[0,0,0]},"t":47,"s":[0,0,100]},{"i":{"x":[0.534,0.534,0.534],"y":[1,1,1]},"o":{"x":[0.221,0.221,0.221],"y":[-0.197,-0.197,6.224]},"t":88,"s":[208.038,208.038,100]},{"t":107,"s":[157.994,157.994,100]}],"ix":6}},"ao":0,"shapes":[{"ty":"gr","it":[{"ind":0,"ty":"sh","ix":1,"ks":{"a":0,"k":{"i":[[0,0],[1.688,-1.684],[-1.684,-1.688],[0,0],[0,0],[1.684,1.688],[1.688,-1.684]],"o":[[-1.685,-1.688],[-1.688,1.684],[0,0],[0,0],[1.688,-1.684],[-1.684,-1.688],[0,0]],"v":[[0.004,-5.261],[-6.103,-5.268],[-6.11,0.839],[-0.01,6.951],[6.103,0.852],[6.11,-5.256],[0.003,-5.262]],"c":true},"ix":2},"nm":"Path 1","mn":"ADBE Vector Shape - Group","hd":false},{"ty":"st","c":{"a":0,"k":[0.902000038297,0.902000038297,0.902000038297,1],"ix":3},"o":{"a":0,"k":100,"ix":4},"w":{"a":0,"k":1,"ix":5},"lc":1,"lj":1,"ml":4,"bm":0,"nm":"Stroke 1","mn":"ADBE Vector Graphic - Stroke","hd":false},{"ty":"tr","p":{"a":0,"k":[8.794,7.952],"ix":2},"a":{"a":0,"k":[0,0],"ix":1},"s":{"a":0,"k":[100,100],"ix":3},"r":{"a":0,"k":0,"ix":6},"o":{"a":0,"k":100,"ix":7},"sk":{"a":0,"k":0,"ix":4},"sa":{"a":0,"k":0,"ix":5},"nm":"Transform"}],"nm":"Group 1","np":2,"cix":2,"bm":0,"ix":1,"mn":"ADBE Vector Group","hd":false}],"ip":47,"op":287,"st":87,"bm":0},{"ddd":0,"ind":18,"ty":4,"nm":"Layer 18 Outlines","parent":1,"sr":1,"ks":{"o":{"a":1,"k":[{"i":{"x":[0.25],"y":[1]},"o":{"x":[0.75],"y":[0]},"t":251,"s":[100]},{"t":281,"s":[0]}],"ix":11},"r":{"a":0,"k":0,"ix":10},"p":{"a":0,"k":[-4.603,382.913,0],"ix":2},"a":{"a":0,"k":[7.743,7.743,0],"ix":1},"s":{"a":1,"k":[{"i":{"x":[0.583,0.583,0.583],"y":[0.807,0.807,-24.395]},"o":{"x":[0.882,0.882,0.882],"y":[0,0,0]},"t":42,"s":[0,0,100]},{"i":{"x":[0.534,0.534,0.534],"y":[1,1,1]},"o":{"x":[0.221,0.221,0.221],"y":[-0.197,-0.197,6.224]},"t":83,"s":[208.038,208.038,100]},{"t":102,"s":[157.994,157.994,100]}],"ix":6}},"ao":0,"shapes":[{"ty":"gr","it":[{"ind":0,"ty":"sh","ix":1,"ks":{"a":0,"k":{"i":[[0,0],[0,0]],"o":[[0,0],[0,0]],"v":[[4.745,7.741],[10.737,7.741]],"c":false},"ix":2},"nm":"Path 1","mn":"ADBE Vector Shape - Group","hd":false},{"ty":"st","c":{"a":0,"k":[0.902000038297,0.902000038297,0.902000038297,1],"ix":3},"o":{"a":0,"k":100,"ix":4},"w":{"a":0,"k":1,"ix":5},"lc":2,"lj":2,"bm":0,"nm":"Stroke 1","mn":"ADBE Vector Graphic - Stroke","hd":false},{"ty":"tr","p":{"a":0,"k":[0,0],"ix":2},"a":{"a":0,"k":[0,0],"ix":1},"s":{"a":0,"k":[100,100],"ix":3},"r":{"a":0,"k":0,"ix":6},"o":{"a":0,"k":100,"ix":7},"sk":{"a":0,"k":0,"ix":4},"sa":{"a":0,"k":0,"ix":5},"nm":"Transform"}],"nm":"Group 1","np":2,"cix":2,"bm":0,"ix":1,"mn":"ADBE Vector Group","hd":false},{"ty":"gr","it":[{"ind":0,"ty":"sh","ix":1,"ks":{"a":0,"k":{"i":[[0,0],[0,0]],"o":[[0,0],[0,0]],"v":[[7.741,4.745],[7.741,10.737]],"c":false},"ix":2},"nm":"Path 1","mn":"ADBE Vector Shape - Group","hd":false},{"ty":"st","c":{"a":0,"k":[0.902000038297,0.902000038297,0.902000038297,1],"ix":3},"o":{"a":0,"k":100,"ix":4},"w":{"a":0,"k":1,"ix":5},"lc":2,"lj":2,"bm":0,"nm":"Stroke 1","mn":"ADBE Vector Graphic - Stroke","hd":false},{"ty":"tr","p":{"a":0,"k":[0,0],"ix":2},"a":{"a":0,"k":[0,0],"ix":1},"s":{"a":0,"k":[100,100],"ix":3},"r":{"a":0,"k":0,"ix":6},"o":{"a":0,"k":100,"ix":7},"sk":{"a":0,"k":0,"ix":4},"sa":{"a":0,"k":0,"ix":5},"nm":"Transform"}],"nm":"Group 2","np":2,"cix":2,"bm":0,"ix":2,"mn":"ADBE Vector Group","hd":false},{"ty":"gr","it":[{"ind":0,"ty":"sh","ix":1,"ks":{"a":0,"k":{"i":[[-0.828,0],[0,0],[0,-0.828],[0,0],[0.828,0],[0,0],[0,0.828],[0,0]],"o":[[0,0],[0.828,0],[0,0],[0,0.828],[0,0],[-0.828,0],[0,0],[0,-0.828]],"v":[[-5.242,-6.743],[5.242,-6.743],[6.742,-5.243],[6.742,5.243],[5.242,6.743],[-5.242,6.743],[-6.742,5.243],[-6.742,-5.243]],"c":true},"ix":2},"nm":"Path 1","mn":"ADBE Vector Shape - Group","hd":false},{"ty":"st","c":{"a":0,"k":[0.902000038297,0.902000038297,0.902000038297,1],"ix":3},"o":{"a":0,"k":100,"ix":4},"w":{"a":0,"k":1,"ix":5},"lc":2,"lj":2,"bm":0,"nm":"Stroke 1","mn":"ADBE Vector Graphic - Stroke","hd":false},{"ty":"tr","p":{"a":0,"k":[7.742,7.743],"ix":2},"a":{"a":0,"k":[0,0],"ix":1},"s":{"a":0,"k":[100,100],"ix":3},"r":{"a":0,"k":0,"ix":6},"o":{"a":0,"k":100,"ix":7},"sk":{"a":0,"k":0,"ix":4},"sa":{"a":0,"k":0,"ix":5},"nm":"Transform"}],"nm":"Group 3","np":2,"cix":2,"bm":0,"ix":3,"mn":"ADBE Vector Group","hd":false}],"ip":42,"op":287,"st":77,"bm":0},{"ddd":0,"ind":19,"ty":4,"nm":"Layer 19 Outlines","parent":1,"sr":1,"ks":{"o":{"a":1,"k":[{"i":{"x":[0.25],"y":[1]},"o":{"x":[0.75],"y":[0]},"t":251,"s":[100]},{"t":281,"s":[0]}],"ix":11},"r":{"a":0,"k":0,"ix":10},"p":{"a":0,"k":[-67.178,382.794,0],"ix":2},"a":{"a":0,"k":[9.182,9.173,0],"ix":1},"s":{"a":1,"k":[{"i":{"x":[0.583,0.583,0.583],"y":[0.807,0.807,-24.395]},"o":{"x":[0.882,0.882,0.882],"y":[0,0,0]},"t":37,"s":[0,0,100]},{"i":{"x":[0.534,0.534,0.534],"y":[1,1,1]},"o":{"x":[0.221,0.221,0.221],"y":[-0.197,-0.197,6.224]},"t":78,"s":[208.038,208.038,100]},{"t":97,"s":[157.994,157.994,100]}],"ix":6}},"ao":0,"shapes":[{"ty":"gr","it":[{"ind":0,"ty":"sh","ix":1,"ks":{"a":0,"k":{"i":[[0,0],[0.003,2.931],[-2.932,0.003],[-0.002,-2.931],[0.993,-0.996],[1.408,0]],"o":[[-2.932,0.003],[-0.002,-2.932],[2.931,-0.003],[0.002,1.407],[-0.996,0.996],[0,0]],"v":[[-1.374,3.918],[-6.687,-1.385],[-1.383,-6.698],[3.929,-1.395],[2.38,2.358],[-1.374,3.913]],"c":true},"ix":2},"nm":"Path 1","mn":"ADBE Vector Shape - Group","hd":false},{"ind":1,"ty":"sh","ix":2,"ks":{"a":0,"k":{"i":[[0,0],[0,0],[2.909,2.306],[2.306,-2.909],[-2.91,-2.306],[-2.446,1.994],[0,0],[-0.301,0.263],[0.264,0.302],[0.015,0.014]],"o":[[0,0],[2.306,-2.909],[-2.91,-2.307],[-2.306,2.909],[2.473,1.961],[0,0],[0.264,0.302],[0.302,-0.264],[-0.013,-0.015],[0,0]],"v":[[8.626,7.588],[3.909,2.827],[2.818,-6.616],[-6.626,-5.525],[-5.534,3.918],[2.889,3.861],[7.575,8.591],[8.599,8.66],[8.668,7.635],[8.626,7.591]],"c":true},"ix":2},"nm":"Path 2","mn":"ADBE Vector Shape - Group","hd":false},{"ty":"mm","mm":1,"nm":"Merge Paths 1","mn":"ADBE Vector Filter - Merge","hd":false},{"ty":"fl","c":{"a":0,"k":[0.902000038297,0.902000038297,0.902000038297,1],"ix":4},"o":{"a":0,"k":100,"ix":5},"r":1,"bm":0,"nm":"Fill 1","mn":"ADBE Vector Graphic - Fill","hd":false},{"ty":"tr","p":{"a":0,"k":[9.182,9.173],"ix":2},"a":{"a":0,"k":[0,0],"ix":1},"s":{"a":0,"k":[100,100],"ix":3},"r":{"a":0,"k":0,"ix":6},"o":{"a":0,"k":100,"ix":7},"sk":{"a":0,"k":0,"ix":4},"sa":{"a":0,"k":0,"ix":5},"nm":"Transform"}],"nm":"Group 1","np":4,"cix":2,"bm":0,"ix":1,"mn":"ADBE Vector Group","hd":false}],"ip":37,"op":287,"st":67,"bm":0},{"ddd":0,"ind":20,"ty":4,"nm":"Layer 20 Outlines","parent":1,"sr":1,"ks":{"o":{"a":1,"k":[{"i":{"x":[0.25],"y":[1]},"o":{"x":[0.75],"y":[0]},"t":251,"s":[100]},{"t":281,"s":[0]}],"ix":11},"r":{"a":0,"k":0,"ix":10},"p":{"a":0,"k":[-129.589,383.324,0],"ix":2},"a":{"a":0,"k":[8.634,9.484,0],"ix":1},"s":{"a":1,"k":[{"i":{"x":[0.583,0.583,0.583],"y":[0.807,0.807,-24.395]},"o":{"x":[0.882,0.882,0.882],"y":[0,0,0]},"t":32,"s":[0,0,100]},{"i":{"x":[0.534,0.534,0.534],"y":[1,1,1]},"o":{"x":[0.221,0.221,0.221],"y":[-0.197,-0.197,6.224]},"t":73,"s":[208.038,208.038,100]},{"t":92,"s":[157.994,157.994,100]}],"ix":6}},"ao":0,"shapes":[{"ty":"gr","it":[{"ind":0,"ty":"sh","ix":1,"ks":{"a":0,"k":{"i":[[0,0],[0,0],[0,0],[0,0]],"o":[[0,0],[0,0],[0,0],[0,0]],"v":[[-2.545,4.241],[-2.545,-4.241],[2.545,-4.241],[2.545,4.241]],"c":false},"ix":2},"nm":"Path 1","mn":"ADBE Vector Shape - Group","hd":false},{"ty":"st","c":{"a":0,"k":[0.902000038297,0.902000038297,0.902000038297,1],"ix":3},"o":{"a":0,"k":100,"ix":4},"w":{"a":0,"k":1,"ix":5},"lc":2,"lj":2,"bm":0,"nm":"Stroke 1","mn":"ADBE Vector Graphic - Stroke","hd":false},{"ty":"tr","p":{"a":0,"k":[8.635,13.725],"ix":2},"a":{"a":0,"k":[0,0],"ix":1},"s":{"a":0,"k":[100,100],"ix":3},"r":{"a":0,"k":0,"ix":6},"o":{"a":0,"k":100,"ix":7},"sk":{"a":0,"k":0,"ix":4},"sa":{"a":0,"k":0,"ix":5},"nm":"Transform"}],"nm":"Group 1","np":2,"cix":2,"bm":0,"ix":1,"mn":"ADBE Vector Group","hd":false},{"ty":"gr","it":[{"ind":0,"ty":"sh","ix":1,"ks":{"a":0,"k":{"i":[[0,0],[0,0],[0,0],[0,0],[0.939,0],[0,0],[0,0.939]],"o":[[0,0],[0,0],[0,0],[0,0.939],[0,0],[-0.939,0],[0,0]],"v":[[-7.634,-2.547],[0,-8.484],[7.634,-2.547],[7.634,6.785],[5.934,8.484],[-5.934,8.484],[-7.634,6.785]],"c":true},"ix":2},"nm":"Path 1","mn":"ADBE Vector Shape - Group","hd":false},{"ty":"st","c":{"a":0,"k":[0.902000038297,0.902000038297,0.902000038297,1],"ix":3},"o":{"a":0,"k":100,"ix":4},"w":{"a":0,"k":1,"ix":5},"lc":2,"lj":2,"bm":0,"nm":"Stroke 1","mn":"ADBE Vector Graphic - Stroke","hd":false},{"ty":"tr","p":{"a":0,"k":[8.634,9.485],"ix":2},"a":{"a":0,"k":[0,0],"ix":1},"s":{"a":0,"k":[100,100],"ix":3},"r":{"a":0,"k":0,"ix":6},"o":{"a":0,"k":100,"ix":7},"sk":{"a":0,"k":0,"ix":4},"sa":{"a":0,"k":0,"ix":5},"nm":"Transform"}],"nm":"Group 2","np":2,"cix":2,"bm":0,"ix":2,"mn":"ADBE Vector Group","hd":false}],"ip":32,"op":287,"st":57,"bm":0},{"ddd":0,"ind":21,"ty":4,"nm":"Layer 21 Outlines","parent":1,"sr":1,"ks":{"o":{"a":0,"k":100,"ix":11},"r":{"a":0,"k":0,"ix":10},"p":{"a":0,"k":[-137.464,-222.509,0],"ix":2},"a":{"a":0,"k":[0.25,1.413,0],"ix":1},"s":{"a":1,"k":[{"i":{"x":[0.25,0.25,0.25],"y":[1,1,1]},"o":{"x":[0.75,0.75,0.75],"y":[0,0,0]},"t":30,"s":[0,157.994,100]},{"i":{"x":[0.25,0.25,0.25],"y":[1,1,1]},"o":{"x":[0.167,0.167,0.167],"y":[0,0,0]},"t":113,"s":[157.994,157.994,100]},{"i":{"x":[0.25,0.25,0.25],"y":[1,1,1]},"o":{"x":[0.75,0.75,0.75],"y":[0,0,0]},"t":240,"s":[157.994,157.994,100]},{"i":{"x":[0.25,0.25,0.25],"y":[1,1,1]},"o":{"x":[0.75,0.75,0.75],"y":[0,0,0]},"t":247,"s":[173.617,173.617,100]},{"t":270,"s":[0,0,100]}],"ix":6}},"ao":0,"shapes":[{"ty":"gr","it":[{"ind":0,"ty":"sh","ix":1,"ks":{"a":0,"k":{"i":[[0,0],[0,0],[0,0],[0,0]],"o":[[0,0],[0,0],[0,0],[0,0]],"v":[[-31.052,-1.163],[31.052,-1.163],[31.052,1.163],[-31.052,1.163]],"c":true},"ix":2},"nm":"Path 1","mn":"ADBE Vector Shape - Group","hd":false},{"ty":"fl","c":{"a":0,"k":[0.902000038297,0.902000038297,0.902000038297,1],"ix":4},"o":{"a":0,"k":100,"ix":5},"r":1,"bm":0,"nm":"Fill 1","mn":"ADBE Vector Graphic - Fill","hd":false},{"ty":"tr","p":{"a":0,"k":[31.302,1.413],"ix":2},"a":{"a":0,"k":[0,0],"ix":1},"s":{"a":0,"k":[100,100],"ix":3},"r":{"a":0,"k":0,"ix":6},"o":{"a":0,"k":100,"ix":7},"sk":{"a":0,"k":0,"ix":4},"sa":{"a":0,"k":0,"ix":5},"nm":"Transform"}],"nm":"Group 1","np":2,"cix":2,"bm":0,"ix":1,"mn":"ADBE Vector Group","hd":false}],"ip":37,"op":286,"st":30,"bm":0},{"ddd":0,"ind":22,"ty":4,"nm":"Layer 22 Outlines","parent":1,"sr":1,"ks":{"o":{"a":0,"k":100,"ix":11},"r":{"a":0,"k":0,"ix":10},"p":{"a":0,"k":[-137.464,-214.054,0],"ix":2},"a":{"a":0,"k":[0.25,1.557,0],"ix":1},"s":{"a":1,"k":[{"i":{"x":[0.25,0.25,0.25],"y":[1,1,1]},"o":{"x":[0.75,0.75,0.75],"y":[0,0,0]},"t":25,"s":[0,157.994,100]},{"i":{"x":[0.25,0.25,0.25],"y":[1,1,1]},"o":{"x":[0.167,0.167,0.167],"y":[0,0,0]},"t":108,"s":[157.994,157.994,100]},{"i":{"x":[0.25,0.25,0.25],"y":[1,1,1]},"o":{"x":[0.75,0.75,0.75],"y":[0,0,0]},"t":240,"s":[157.994,157.994,100]},{"i":{"x":[0.25,0.25,0.25],"y":[1,1,1]},"o":{"x":[0.75,0.75,0.75],"y":[0,0,0]},"t":247,"s":[173.617,173.617,100]},{"t":270,"s":[0,0,100]}],"ix":6}},"ao":0,"shapes":[{"ty":"gr","it":[{"ind":0,"ty":"sh","ix":1,"ks":{"a":0,"k":{"i":[[0,0],[0,0],[0,0],[0,0]],"o":[[0,0],[0,0],[0,0],[0,0]],"v":[[-25.88,-1.307],[25.88,-1.307],[25.88,1.307],[-25.88,1.307]],"c":true},"ix":2},"nm":"Path 1","mn":"ADBE Vector Shape - Group","hd":false},{"ty":"fl","c":{"a":0,"k":[0.902000038297,0.902000038297,0.902000038297,1],"ix":4},"o":{"a":0,"k":100,"ix":5},"r":1,"bm":0,"nm":"Fill 1","mn":"ADBE Vector Graphic - Fill","hd":false},{"ty":"tr","p":{"a":0,"k":[26.13,1.557],"ix":2},"a":{"a":0,"k":[0,0],"ix":1},"s":{"a":0,"k":[100,100],"ix":3},"r":{"a":0,"k":0,"ix":6},"o":{"a":0,"k":100,"ix":7},"sk":{"a":0,"k":0,"ix":4},"sa":{"a":0,"k":0,"ix":5},"nm":"Transform"}],"nm":"Group 1","np":2,"cix":2,"bm":0,"ix":1,"mn":"ADBE Vector Group","hd":false}],"ip":32,"op":285,"st":25,"bm":0},{"ddd":0,"ind":23,"ty":4,"nm":"Layer 23 Outlines","parent":1,"sr":1,"ks":{"o":{"a":1,"k":[{"i":{"x":[0.25],"y":[1]},"o":{"x":[0.75],"y":[0]},"t":251,"s":[100]},{"t":281,"s":[0]}],"ix":11},"r":{"a":0,"k":0,"ix":10},"p":{"a":0,"k":[-154.29,-219.452,0],"ix":2},"a":{"a":0,"k":[9.25,9.25,0],"ix":1},"s":{"a":1,"k":[{"i":{"x":[0.583,0.583,0.583],"y":[0.807,0.807,-24.395]},"o":{"x":[0.882,0.882,0.882],"y":[0,0,0]},"t":27,"s":[0,0,100]},{"i":{"x":[0.534,0.534,0.534],"y":[1,1,1]},"o":{"x":[0.221,0.221,0.221],"y":[-0.197,-0.197,6.224]},"t":68,"s":[208.038,208.038,100]},{"t":87,"s":[157.994,157.994,100]}],"ix":6}},"ao":0,"shapes":[{"ty":"gr","it":[{"ind":0,"ty":"sh","ix":1,"ks":{"a":0,"k":{"i":[[-4.971,0],[0,-4.971],[4.971,0],[0,4.971]],"o":[[4.971,0],[0,4.971],[-4.971,0],[0,-4.971]],"v":[[0,-9],[9,0],[0,9],[-9,0]],"c":true},"ix":2},"nm":"Path 1","mn":"ADBE Vector Shape - Group","hd":false},{"ty":"fl","c":{"a":0,"k":[0.902000038297,0.902000038297,0.902000038297,1],"ix":4},"o":{"a":0,"k":100,"ix":5},"r":1,"bm":0,"nm":"Fill 1","mn":"ADBE Vector Graphic - Fill","hd":false},{"ty":"tr","p":{"a":0,"k":[9.25,9.25],"ix":2},"a":{"a":0,"k":[0,0],"ix":1},"s":{"a":0,"k":[100,100],"ix":3},"r":{"a":0,"k":0,"ix":6},"o":{"a":0,"k":100,"ix":7},"sk":{"a":0,"k":0,"ix":4},"sa":{"a":0,"k":0,"ix":5},"nm":"Transform"}],"nm":"Group 1","np":2,"cix":2,"bm":0,"ix":1,"mn":"ADBE Vector Group","hd":false}],"ip":27,"op":287,"st":47,"bm":0},{"ddd":0,"ind":24,"ty":4,"nm":"Layer 24 Outlines","parent":1,"sr":1,"ks":{"o":{"a":1,"k":[{"i":{"x":[0.25],"y":[1]},"o":{"x":[0.75],"y":[0]},"t":251,"s":[100]},{"t":281,"s":[0]}],"ix":11},"r":{"a":0,"k":0,"ix":10},"p":{"a":0,"k":[119.039,-282.65,0],"ix":2},"a":{"a":0,"k":[17.25,17.25,0],"ix":1},"s":{"a":1,"k":[{"i":{"x":[0.583,0.583,0.583],"y":[0.807,0.807,-24.395]},"o":{"x":[0.882,0.882,0.882],"y":[0,0,0]},"t":22,"s":[0,0,100]},{"i":{"x":[0.534,0.534,0.534],"y":[1,1,1]},"o":{"x":[0.221,0.221,0.221],"y":[-0.197,-0.197,6.224]},"t":63,"s":[208.038,208.038,100]},{"t":82,"s":[157.994,157.994,100]}],"ix":6}},"ao":0,"shapes":[{"ty":"gr","it":[{"ind":0,"ty":"sh","ix":1,"ks":{"a":0,"k":{"i":[[-9.389,0],[0,-9.389],[9.389,0],[0,9.389]],"o":[[9.389,0],[0,9.389],[-9.389,0],[0,-9.389]],"v":[[0,-17],[17,0],[0,17],[-17,0]],"c":true},"ix":2},"nm":"Path 1","mn":"ADBE Vector Shape - Group","hd":false},{"ty":"fl","c":{"a":0,"k":[0.902000038297,0.902000038297,0.902000038297,1],"ix":4},"o":{"a":0,"k":100,"ix":5},"r":1,"bm":0,"nm":"Fill 1","mn":"ADBE Vector Graphic - Fill","hd":false},{"ty":"tr","p":{"a":0,"k":[17.25,17.25],"ix":2},"a":{"a":0,"k":[0,0],"ix":1},"s":{"a":0,"k":[100,100],"ix":3},"r":{"a":0,"k":0,"ix":6},"o":{"a":0,"k":100,"ix":7},"sk":{"a":0,"k":0,"ix":4},"sa":{"a":0,"k":0,"ix":5},"nm":"Transform"}],"nm":"Group 1","np":2,"cix":2,"bm":0,"ix":1,"mn":"ADBE Vector Group","hd":false}],"ip":22,"op":287,"st":37,"bm":0},{"ddd":0,"ind":25,"ty":4,"nm":"Layer 25 Outlines","parent":1,"sr":1,"ks":{"o":{"a":1,"k":[{"i":{"x":[0.25],"y":[1]},"o":{"x":[0.75],"y":[0]},"t":251,"s":[100]},{"t":281,"s":[0]}],"ix":11},"r":{"a":0,"k":0,"ix":10},"p":{"a":0,"k":[33.723,-282.65,0],"ix":2},"a":{"a":0,"k":[17.25,17.25,0],"ix":1},"s":{"a":1,"k":[{"i":{"x":[0.583,0.583,0.583],"y":[0.807,0.807,-24.395]},"o":{"x":[0.882,0.882,0.882],"y":[0,0,0]},"t":17,"s":[0,0,100]},{"i":{"x":[0.534,0.534,0.534],"y":[1,1,1]},"o":{"x":[0.221,0.221,0.221],"y":[-0.197,-0.197,6.224]},"t":58,"s":[208.038,208.038,100]},{"t":77,"s":[157.994,157.994,100]}],"ix":6}},"ao":0,"shapes":[{"ty":"gr","it":[{"ind":0,"ty":"sh","ix":1,"ks":{"a":0,"k":{"i":[[-9.389,0],[0,-9.389],[9.389,0],[0,9.389]],"o":[[9.389,0],[0,9.389],[-9.389,0],[0,-9.389]],"v":[[0,-17],[17,0],[0,17],[-17,0]],"c":true},"ix":2},"nm":"Path 1","mn":"ADBE Vector Shape - Group","hd":false},{"ty":"fl","c":{"a":0,"k":[0.902000038297,0.902000038297,0.902000038297,1],"ix":4},"o":{"a":0,"k":100,"ix":5},"r":1,"bm":0,"nm":"Fill 1","mn":"ADBE Vector Graphic - Fill","hd":false},{"ty":"tr","p":{"a":0,"k":[17.25,17.25],"ix":2},"a":{"a":0,"k":[0,0],"ix":1},"s":{"a":0,"k":[100,100],"ix":3},"r":{"a":0,"k":0,"ix":6},"o":{"a":0,"k":100,"ix":7},"sk":{"a":0,"k":0,"ix":4},"sa":{"a":0,"k":0,"ix":5},"nm":"Transform"}],"nm":"Group 1","np":2,"cix":2,"bm":0,"ix":1,"mn":"ADBE Vector Group","hd":false}],"ip":17,"op":287,"st":27,"bm":0},{"ddd":0,"ind":26,"ty":4,"nm":"Layer 26 Outlines","parent":1,"sr":1,"ks":{"o":{"a":1,"k":[{"i":{"x":[0.25],"y":[1]},"o":{"x":[0.75],"y":[0]},"t":251,"s":[100]},{"t":281,"s":[0]}],"ix":11},"r":{"a":0,"k":0,"ix":10},"p":{"a":0,"k":[-51.594,-282.65,0],"ix":2},"a":{"a":0,"k":[17.25,17.25,0],"ix":1},"s":{"a":1,"k":[{"i":{"x":[0.583,0.583,0.583],"y":[0.807,0.807,-24.395]},"o":{"x":[0.882,0.882,0.882],"y":[0,0,0]},"t":12,"s":[0,0,100]},{"i":{"x":[0.534,0.534,0.534],"y":[1,1,1]},"o":{"x":[0.221,0.221,0.221],"y":[-0.197,-0.197,6.224]},"t":53,"s":[208.038,208.038,100]},{"t":72,"s":[157.994,157.994,100]}],"ix":6}},"ao":0,"shapes":[{"ty":"gr","it":[{"ind":0,"ty":"sh","ix":1,"ks":{"a":0,"k":{"i":[[-9.389,0],[0,-9.389],[9.389,0],[0,9.389]],"o":[[9.389,0],[0,9.389],[-9.389,0],[0,-9.389]],"v":[[0,-17],[17,0],[0,17],[-17,0]],"c":true},"ix":2},"nm":"Path 1","mn":"ADBE Vector Shape - Group","hd":false},{"ty":"fl","c":{"a":0,"k":[0.902000038297,0.902000038297,0.902000038297,1],"ix":4},"o":{"a":0,"k":100,"ix":5},"r":1,"bm":0,"nm":"Fill 1","mn":"ADBE Vector Graphic - Fill","hd":false},{"ty":"tr","p":{"a":0,"k":[17.25,17.25],"ix":2},"a":{"a":0,"k":[0,0],"ix":1},"s":{"a":0,"k":[100,100],"ix":3},"r":{"a":0,"k":0,"ix":6},"o":{"a":0,"k":100,"ix":7},"sk":{"a":0,"k":0,"ix":4},"sa":{"a":0,"k":0,"ix":5},"nm":"Transform"}],"nm":"Group 1","np":2,"cix":2,"bm":0,"ix":1,"mn":"ADBE Vector Group","hd":false}],"ip":12,"op":287,"st":17,"bm":0},{"ddd":0,"ind":27,"ty":4,"nm":"Layer 27 Outlines","parent":1,"sr":1,"ks":{"o":{"a":1,"k":[{"i":{"x":[0.25],"y":[1]},"o":{"x":[0.75],"y":[0]},"t":251,"s":[100]},{"t":281,"s":[0]}],"ix":11},"r":{"a":0,"k":0,"ix":10},"p":{"a":0,"k":[-136.91,-282.65,0],"ix":2},"a":{"a":0,"k":[17.25,17.25,0],"ix":1},"s":{"a":1,"k":[{"i":{"x":[0.583,0.583,0.583],"y":[0.807,0.807,-24.395]},"o":{"x":[0.882,0.882,0.882],"y":[0,0,0]},"t":7,"s":[0,0,100]},{"i":{"x":[0.534,0.534,0.534],"y":[1,1,1]},"o":{"x":[0.221,0.221,0.221],"y":[-0.197,-0.197,6.224]},"t":48,"s":[208.038,208.038,100]},{"t":67,"s":[157.994,157.994,100]}],"ix":6}},"ao":0,"shapes":[{"ty":"gr","it":[{"ind":0,"ty":"sh","ix":1,"ks":{"a":0,"k":{"i":[[-9.389,0],[0,-9.389],[9.389,0],[0,9.389]],"o":[[9.389,0],[0,9.389],[-9.389,0],[0,-9.389]],"v":[[0,-17],[17,0],[0,17],[-17,0]],"c":true},"ix":2},"nm":"Path 1","mn":"ADBE Vector Shape - Group","hd":false},{"ty":"fl","c":{"a":0,"k":[0.902000038297,0.902000038297,0.902000038297,1],"ix":4},"o":{"a":0,"k":100,"ix":5},"r":1,"bm":0,"nm":"Fill 1","mn":"ADBE Vector Graphic - Fill","hd":false},{"ty":"tr","p":{"a":0,"k":[17.25,17.25],"ix":2},"a":{"a":0,"k":[0,0],"ix":1},"s":{"a":0,"k":[100,100],"ix":3},"r":{"a":0,"k":0,"ix":6},"o":{"a":0,"k":100,"ix":7},"sk":{"a":0,"k":0,"ix":4},"sa":{"a":0,"k":0,"ix":5},"nm":"Transform"}],"nm":"Group 1","np":2,"cix":2,"bm":0,"ix":1,"mn":"ADBE Vector Group","hd":false}],"ip":7,"op":287,"st":7,"bm":0},{"ddd":0,"ind":28,"ty":4,"nm":"Layer 1 Outlines","parent":1,"sr":1,"ks":{"o":{"a":0,"k":100,"ix":11},"r":{"a":0,"k":0,"ix":10},"p":{"a":0,"k":[-13.922,26.506,0],"ix":2},"a":{"a":0,"k":[129.445,259.352,0],"ix":1},"s":{"a":1,"k":[{"i":{"x":[0.583,0.583,0.583],"y":[0.789,0.789,1]},"o":{"x":[0.882,0.882,0.882],"y":[0,0,0]},"t":0,"s":[0,0,100]},{"i":{"x":[0.534,0.534,0.534],"y":[1,1,1]},"o":{"x":[0.221,0.221,0.221],"y":[-0.32,-0.32,0]},"t":34,"s":[189.038,189.038,100]},{"i":{"x":[0.25,0.25,0.25],"y":[1,1,1]},"o":{"x":[0.75,0.75,0.75],"y":[0,0,0]},"t":50,"s":[157.994,157.994,100]},{"i":{"x":[0.25,0.25,0.25],"y":[1,1,1]},"o":{"x":[0.75,0.75,0.75],"y":[0,0,0]},"t":241,"s":[157.994,157.994,100]},{"i":{"x":[0.25,0.25,0.25],"y":[1,1,1]},"o":{"x":[0.75,0.75,0.75],"y":[0,0,0]},"t":258,"s":[173.617,173.617,100]},{"t":291,"s":[0,0,100]}],"ix":6}},"ao":0,"shapes":[{"ty":"gr","it":[{"ind":0,"ty":"sh","ix":1,"ks":{"a":0,"k":{"i":[[0,0],[0,0],[8.191,-3.341],[2.074,0],[0,0],[-0.001,8.846],[-0.783,1.92],[0,0],[0,-18.619],[0,0],[-18.619,0],[0,0],[0,18.619],[0,0],[18.619,0],[0,0]],"o":[[0,0],[3.341,8.191],[-1.92,0.783],[0,0],[-8.846,0],[0,-2.074],[0,0],[-18.619,0],[0,0],[0,18.619],[0,0],[18.619,0],[0,0],[0,-18.619],[0,0],[0,0]],"v":[[83.025,-247.357],[61.454,-247.357],[52.672,-226.477],[46.624,-225.291],[-48.048,-225.291],[-64.064,-241.309],[-62.878,-247.357],[-83.025,-247.357],[-116.738,-213.644],[-116.738,213.644],[-83.025,247.357],[83.025,247.357],[116.738,213.644],[116.738,-213.644],[83.025,-247.357],[83.024,-247.357]],"c":true},"ix":2},"nm":"Path 1","mn":"ADBE Vector Shape - Group","hd":false},{"ty":"fl","c":{"a":0,"k":[1,1,1,1],"ix":4},"o":{"a":0,"k":100,"ix":5},"r":1,"bm":0,"nm":"Fill 1","mn":"ADBE Vector Graphic - Fill","hd":false},{"ty":"tr","p":{"a":0,"k":[129.445,259.352],"ix":2},"a":{"a":0,"k":[0,0],"ix":1},"s":{"a":0,"k":[100,100],"ix":3},"r":{"a":0,"k":0,"ix":6},"o":{"a":0,"k":100,"ix":7},"sk":{"a":0,"k":0,"ix":4},"sa":{"a":0,"k":0,"ix":5},"nm":"Transform"}],"nm":"Group 1","np":2,"cix":2,"bm":0,"ix":1,"mn":"ADBE Vector Group","hd":false},{"ty":"gr","it":[{"ind":0,"ty":"sh","ix":1,"ks":{"a":0,"k":{"i":[[0,0],[0,0],[0,0],[24.932,0.001],[0,0],[0,0],[0,-24.932],[0,0],[-24.932,0],[0,0],[0,0],[-0.001,24.933],[0,0],[0,0]],"o":[[0,0],[0,0],[0.001,-24.932],[0,0],[0,0],[-24.932,0],[0,0],[-0.001,24.932],[0,0],[0,0],[24.932,0],[0,0],[0,0],[0,0]],"v":[[129.195,-135.958],[126.348,-135.958],[126.348,-213.958],[81.205,-259.102],[81.203,-259.102],[-84.05,-259.102],[-129.194,-213.959],[-129.194,213.957],[-84.051,259.102],[-84.048,259.102],[81.203,259.102],[126.348,213.958],[126.348,-80.441],[129.195,-80.441]],"c":true},"ix":2},"nm":"Path 1","mn":"ADBE Vector Shape - Group","hd":false},{"ty":"fl","c":{"a":0,"k":[0.289999988032,0.289999988032,0.289999988032,1],"ix":4},"o":{"a":0,"k":100,"ix":5},"r":1,"bm":0,"nm":"Fill 1","mn":"ADBE Vector Graphic - Fill","hd":false},{"ty":"tr","p":{"a":0,"k":[129.445,259.353],"ix":2},"a":{"a":0,"k":[0,0],"ix":1},"s":{"a":0,"k":[100,100],"ix":3},"r":{"a":0,"k":0,"ix":6},"o":{"a":0,"k":100,"ix":7},"sk":{"a":0,"k":0,"ix":4},"sa":{"a":0,"k":0,"ix":5},"nm":"Transform"}],"nm":"Group 2","np":2,"cix":2,"bm":0,"ix":2,"mn":"ADBE Vector Group","hd":false}],"ip":0,"op":300,"st":0,"bm":0}],"markers":[],"chars":[{"ch":"1","size":44,"style":"Regular","w":56.15,"data":{"shapes":[{"ty":"gr","it":[{"ind":0,"ty":"sh","ix":1,"ks":{"a":0,"k":{"i":[[0,0],[0,0],[0,0],[0,0],[0,0],[0,0],[0,0]],"o":[[0,0],[0,0],[0,0],[0,0],[0,0],[0,0],[0,0]],"v":[[35.596,-71.436],[34.18,-71.436],[8.301,-61.719],[8.301,-53.516],[26.514,-60.205],[26.514,0],[35.596,0]],"c":true},"ix":2},"nm":"1","mn":"ADBE Vector Shape - Group","hd":false}],"nm":"1","np":3,"cix":2,"bm":0,"ix":1,"mn":"ADBE Vector Group","hd":false}]},"fFamily":"Vazir"},{"ch":"0","size":44,"style":"Regular","w":56.15,"data":{"shapes":[{"ty":"gr","it":[{"ind":0,"ty":"sh","ix":1,"ks":{"a":0,"k":{"i":[[0,0],[3.613,4.9],[7.649,0],[3.613,-5.078],[0,-10.449],[0,0],[-3.646,-5.029],[-7.585,0],[-3.613,5.144],[0,10.58]],"o":[[-0.098,-10.221],[-3.613,-4.899],[-7.715,0],[-3.613,5.078],[0,0],[0.13,9.994],[3.645,5.029],[7.682,0],[3.613,-5.143],[0,0]],"v":[[50.488,-42.041],[44.922,-64.722],[28.027,-72.07],[11.035,-64.453],[5.615,-41.162],[5.615,-29.102],[11.279,-6.567],[28.125,0.977],[45.068,-6.738],[50.488,-30.322]],"c":true},"ix":2},"nm":"0","mn":"ADBE Vector Shape - Group","hd":false},{"ind":1,"ty":"sh","ix":2,"ks":{"a":0,"k":{"i":[[0,0],[2.164,-3.45],[4.459,0],[2.229,3.662],[0,7.683],[0,0],[-2.116,3.484],[-4.623,0],[-2.148,-3.499],[0,-7.649]],"o":[[-0.098,7.422],[-2.165,3.451],[-4.525,0],[-2.23,-3.662],[0,0],[0.065,-7.227],[2.116,-3.483],[4.655,0],[2.148,3.5],[0,0]],"v":[[41.455,-27.881],[38.062,-11.572],[28.125,-6.396],[17.993,-11.89],[14.648,-28.906],[14.648,-43.359],[17.92,-59.424],[28.027,-64.648],[38.232,-59.399],[41.455,-42.676]],"c":true},"ix":2},"nm":"0","mn":"ADBE Vector Shape - Group","hd":false}],"nm":"0","np":5,"cix":2,"bm":0,"ix":1,"mn":"ADBE Vector Group","hd":false}]},"fFamily":"Vazir"},{"ch":"8","size":44,"style":"Regular","w":56.15,"data":{"shapes":[{"ty":"gr","it":[{"ind":0,"ty":"sh","ix":1,"ks":{"a":0,"k":{"i":[[3.857,3.516],[6.25,0],[3.841,-3.516],[0,-5.989],[-1.823,-2.766],[-3.158,-1.563],[2.1,-3.092],[0,-3.841],[-4.118,-3.662],[-6.836,0],[-4.15,3.646],[0,6.152],[2.164,3.06],[3.711,1.595],[-1.872,2.767],[0,3.548]],"o":[[-3.857,-3.516],[-6.283,0],[-3.841,3.516],[0,3.516],[1.823,2.767],[-3.711,1.595],[-2.1,3.093],[0,6.12],[4.118,3.662],[6.77,0],[4.15,-3.645],[0,-3.873],[-2.165,-3.059],[3.19,-1.563],[1.871,-2.766],[0,-5.989]],"v":[[43.237,-66.797],[28.076,-72.07],[12.891,-66.797],[7.129,-52.539],[9.863,-43.115],[17.334,-36.621],[8.618,-29.59],[5.469,-19.189],[11.646,-4.517],[28.076,0.977],[44.458,-4.492],[50.684,-19.189],[47.437,-29.59],[38.623,-36.572],[46.216,-43.066],[49.023,-52.539]],"c":true},"ix":2},"nm":"8","mn":"ADBE Vector Shape - Group","hd":false},{"ind":1,"ty":"sh","ix":2,"ks":{"a":0,"k":{"i":[[2.409,-2.327],[4.231,0],[2.393,2.312],[0,4.037],[-2.458,2.474],[-4.07,0],[-2.523,-2.506],[0,-3.971]],"o":[[-2.409,2.328],[-4.265,0],[-2.393,-2.311],[0,-4.036],[2.457,-2.473],[4.069,0],[2.522,2.507],[0,4.004]],"v":[[38.037,-9.888],[28.076,-6.396],[18.091,-9.863],[14.502,-19.385],[18.188,-29.15],[27.979,-32.861],[37.866,-29.102],[41.65,-19.385]],"c":true},"ix":2},"nm":"8","mn":"ADBE Vector Shape - Group","hd":false},{"ind":2,"ty":"sh","ix":3,"ks":{"a":0,"k":{"i":[[-2.246,-2.278],[0,-3.613],[2.164,-2.229],[3.613,0],[2.164,2.23],[0,3.613],[-2.197,2.197],[-3.548,0]],"o":[[2.246,2.279],[0,3.613],[-2.165,2.23],[-3.613,0],[-2.165,-2.229],[0,-3.776],[2.197,-2.197],[3.45,0]],"v":[[36.621,-61.23],[39.99,-52.393],[36.743,-43.628],[28.076,-40.283],[19.409,-43.628],[16.162,-52.393],[19.458,-61.353],[28.076,-64.648]],"c":true},"ix":2},"nm":"8","mn":"ADBE Vector Shape - Group","hd":false}],"nm":"8","np":6,"cix":2,"bm":0,"ix":1,"mn":"ADBE Vector Group","hd":false}]},"fFamily":"Vazir"},{"ch":"p","size":44,"style":"Regular","w":56.1,"data":{"shapes":[{"ty":"gr","it":[{"ind":0,"ty":"sh","ix":1,"ks":{"a":0,"k":{"i":[[0,0],[3.694,4.785],[6.348,0],[3.678,-4.557],[0,0],[0,0],[0,0],[0,0],[0,0],[-6.413,0],[-3.679,4.916],[0,8.041]],"o":[[0,-8.528],[-3.695,-4.785],[-6.543,0],[0,0],[0,0],[0,0],[0,0],[0,0],[3.678,4.07],[6.282,0],[3.678,-4.915],[0,0]],"v":[[51.465,-26.66],[45.923,-46.631],[30.859,-53.809],[15.527,-46.973],[15.088,-52.832],[6.836,-52.832],[6.836,20.313],[15.869,20.313],[15.869,-5.127],[31.006,0.977],[45.947,-6.396],[51.465,-25.83]],"c":true},"ix":2},"nm":"p","mn":"ADBE Vector Shape - Group","hd":false},{"ind":1,"ty":"sh","ix":2,"ks":{"a":0,"k":{"i":[[2.555,-3.434],[4.329,0],[2.702,4.818],[0,0],[-5.469,0],[-2.539,-3.45],[0,-5.957]],"o":[[-2.556,3.435],[-5.566,0],[0,0],[2.734,-4.85],[4.427,0],[2.539,3.451],[0,6.771]],"v":[[38.599,-11.548],[28.271,-6.396],[15.869,-13.623],[15.869,-38.867],[28.174,-46.143],[38.623,-40.967],[42.432,-26.855]],"c":true},"ix":2},"nm":"p","mn":"ADBE Vector Shape - Group","hd":false}],"nm":"p","np":5,"cix":2,"bm":0,"ix":1,"mn":"ADBE Vector Group","hd":false}]},"fFamily":"Vazir"},{"ch":"x","size":44,"style":"Regular","w":49.56,"data":{"shapes":[{"ty":"gr","it":[{"ind":0,"ty":"sh","ix":1,"ks":{"a":0,"k":{"i":[[0,0],[0,0],[0,0],[0,0],[0,0],[0,0],[0,0],[0,0],[0,0],[0,0],[0,0],[0,0]],"o":[[0,0],[0,0],[0,0],[0,0],[0,0],[0,0],[0,0],[0,0],[0,0],[0,0],[0,0],[0,0]],"v":[[12.988,-52.832],[2.539,-52.832],[19.824,-26.709],[2.002,0],[12.5,0],[24.707,-19.775],[36.914,0],[47.363,0],[29.541,-26.709],[46.826,-52.832],[36.279,-52.832],[24.561,-33.545]],"c":true},"ix":2},"nm":"x","mn":"ADBE Vector Shape - Group","hd":false}],"nm":"x","np":3,"cix":2,"bm":0,"ix":1,"mn":"ADBE Vector Group","hd":false}]},"fFamily":"Vazir"},{"ch":"3","size":44,"style":"Regular","w":56.15,"data":{"shapes":[{"ty":"gr","it":[{"ind":0,"ty":"sh","ix":1,"ks":{"a":0,"k":{"i":[[0,0],[0,0],[-2.539,-2.213],[0,-4.134],[2.311,-2.278],[4.362,0],[2.441,2.246],[0,3.744],[0,0],[-4.183,-3.613],[-6.673,0],[-4.167,3.744],[0,6.38],[2.132,2.865],[3.906,1.237],[-2.002,2.898],[0,3.093],[3.809,3.548],[6.705,0],[4.118,-3.727],[0,-5.631],[0,0],[-2.328,2.23],[-3.906,0],[0,-8.333],[2.441,-2.18],[4.264,-0.065],[0,0]],"o":[[0,0],[4.785,0.066],[2.539,2.214],[0,4.265],[-2.312,2.279],[-4.102,0],[-2.441,-2.246],[0,0],[0,5.925],[4.182,3.613],[6.673,0],[4.166,-3.743],[0,-4.134],[-2.132,-2.864],[3.45,-1.432],[2.002,-2.897],[0,-6.315],[-3.809,-3.548],[-6.348,0],[-4.118,3.728],[0,0],[0,-3.678],[2.327,-2.229],[8.301,0],[0,3.711],[-2.441,2.181],[0,0],[0,0]],"v":[[19.043,-32.568],[25.83,-32.568],[36.816,-29.15],[40.625,-19.629],[37.158,-9.814],[27.148,-6.396],[17.334,-9.766],[13.672,-18.75],[4.59,-18.75],[10.864,-4.443],[27.148,0.977],[43.408,-4.639],[49.658,-19.824],[46.46,-30.322],[37.402,-36.475],[45.581,-42.969],[48.584,-51.953],[42.871,-66.748],[27.1,-72.07],[11.401,-66.479],[5.225,-52.441],[14.258,-52.441],[17.749,-61.304],[27.1,-64.648],[39.551,-52.148],[35.889,-43.311],[25.83,-39.941],[19.043,-39.941]],"c":true},"ix":2},"nm":"3","mn":"ADBE Vector Shape - Group","hd":false}],"nm":"3","np":3,"cix":2,"bm":0,"ix":1,"mn":"ADBE Vector Group","hd":false}]},"fFamily":"Vazir"},{"ch":"5","size":44,"style":"Regular","w":56.15,"data":{"shapes":[{"ty":"gr","it":[{"ind":0,"ty":"sh","ix":1,"ks":{"a":0,"k":{"i":[[0,0],[0,0],[-3.939,0],[-2.588,-2.881],[0,-4.752],[2.393,-2.864],[4.199,0],[2.344,2.068],[0.553,4.07],[0,0],[-3.972,-3.483],[-6.283,0],[-3.955,4.216],[0,7.324],[3.809,4.281],[6.477,0],[3.483,-2.051],[0,0],[0,0],[0,0],[0,0],[0,0]],"o":[[0,0],[2.246,-1.725],[4.297,0],[2.588,2.881],[0,5.046],[-2.393,2.865],[-3.841,0],[-2.344,-2.067],[0,0],[0.553,6.152],[3.971,3.484],[7.096,0],[3.955,-4.215],[0,-7.291],[-3.809,-4.28],[-4.427,0],[0,0],[0,0],[0,0],[0,0],[0,0],[0,0]],"v":[[17.285,-33.789],[19.678,-35.742],[28.955,-38.33],[39.282,-34.009],[43.164,-22.559],[39.575,-10.693],[29.688,-6.396],[20.41,-9.497],[16.064,-18.701],[7.52,-18.701],[14.307,-4.248],[29.688,0.977],[46.265,-5.347],[52.197,-22.656],[46.484,-40.015],[31.055,-46.436],[19.189,-43.359],[21.338,-62.744],[50.098,-62.744],[50.098,-71.094],[13.672,-71.094],[10.059,-35.645]],"c":true},"ix":2},"nm":"5","mn":"ADBE Vector Shape - Group","hd":false}],"nm":"5","np":3,"cix":2,"bm":0,"ix":1,"mn":"ADBE Vector Group","hd":false}]},"fFamily":"Vazir"}]}